,Commentaire,star,source,company,index_org,star_org,date
0,excelente,5,TrustedShop,ShowRoom,2320,5,2021-06-08
1,too,5,TrustedShop,ShowRoom,2324,5,2021-06-07
2,"i am still not sure if it is original . is it ? but in general , besides that , all great - fast and impeccable delivery .",5,TrustedShop,ShowRoom,2351,5,2021-06-06
3,ras,4,TrustedShop,ShowRoom,2358,4,2021-06-05
4,super,5,TrustedShop,ShowRoom,2378,5,2021-06-04
5,produits super a prix super,5,TrustedShop,ShowRoom,2386,5,2021-06-03
6,ras,5,TrustedShop,ShowRoom,2411,5,2021-06-02
7,all went great and fast,5,TrustedShop,ShowRoom,2416,5,2021-06-02
8,high quality and stylish bag,5,TrustedShop,ShowRoom,2417,5,2021-06-02
9,bom .,4,TrustedShop,ShowRoom,2452,4,2021-05-28
10,perfect,5,TrustedShop,ShowRoom,2459,5,2021-05-27
11,"one shoe is burn by the sun , so is not white is yelow ! ! ! this is the 2ond time what for is send a nasty produit . must be more careful . i will not buy any produit from this brand . im very disapointed and im going to send it back ! ! !",2,TrustedShop,ShowRoom,2461,2,2021-05-27
12,"came on time , one of the boxes had a big hole but the sneakers were in perfect condition .",5,TrustedShop,ShowRoom,2494,5,2021-05-26
13,achat parfait,5,TrustedShop,ShowRoom,2497,5,2021-05-26
14,super,5,TrustedShop,ShowRoom,2537,5,2021-05-22
15,bof,3,TrustedShop,ShowRoom,2546,3,2021-05-21
16,super,5,TrustedShop,ShowRoom,2583,5,2021-05-17
17,topissime,5,TrustedShop,ShowRoom,2599,5,2021-05-17
18,super,5,TrustedShop,ShowRoom,2656,5,2021-05-13
19,great service fast delivery love the sandals,5,TrustedShop,ShowRoom,2684,5,2021-05-11
20,horrible quality and fit,1,TrustedShop,ShowRoom,2719,1,2021-05-09
21,ras,5,TrustedShop,ShowRoom,2761,5,2021-05-05
22,excelente,5,TrustedShop,ShowRoom,2786,5,2021-05-03
23,oki oki,5,TrustedShop,ShowRoom,2787,5,2021-05-03
24,nickel,5,TrustedShop,ShowRoom,2796,5,2021-05-03
25,recommend,5,TrustedShop,ShowRoom,2812,5,2021-05-01
26,bom,5,TrustedShop,ShowRoom,2823,5,2021-04-30
27,super,5,TrustedShop,ShowRoom,2851,5,2021-04-29
28,good,5,TrustedShop,ShowRoom,2859,5,2021-04-29
29,ras,5,TrustedShop,ShowRoom,2910,5,2021-04-27
30,products in line with exceptations,4,TrustedShop,ShowRoom,2916,4,2021-04-27
31,nickel,5,TrustedShop,ShowRoom,2940,5,2021-04-26
32,some articles were different from that requested !,1,TrustedShop,ShowRoom,2942,1,2021-04-26
33,super,5,TrustedShop,ShowRoom,2943,5,2021-04-26
34,excelente,5,TrustedShop,ShowRoom,2973,5,2021-04-25
35,pessimi,1,TrustedShop,ShowRoom,2984,1,2021-04-24
36,nickel,5,TrustedShop,ShowRoom,2988,5,2021-04-23
37,the merchandise is rubbish and not safe . i would like you to send a courier to come it pick it up as i am completely unsatisfied with this purchase . the first time i have been unsatisfied with saldi privati 's offers .,3,TrustedShop,ShowRoom,2990,3,2021-04-23
38,super,5,TrustedShop,ShowRoom,3007,5,2021-04-22
39,ras,5,TrustedShop,ShowRoom,3031,5,2021-04-21
40,ras,4,TrustedShop,ShowRoom,3036,4,2021-04-21
41,bravo,5,TrustedShop,ShowRoom,3078,5,2021-04-18
42,ras,4,TrustedShop,ShowRoom,3094,4,2021-04-17
43,tooo much time waiting for the delivery,2,TrustedShop,ShowRoom,3095,2,2021-04-17
44,super,5,TrustedShop,ShowRoom,3102,5,2021-04-17
45,bom,5,TrustedShop,ShowRoom,3122,5,2021-04-15
46,ras,5,TrustedShop,ShowRoom,3142,5,2021-04-15
47,j'aime,4,TrustedShop,ShowRoom,3155,4,2021-04-14
48,top rien a redire felicitatuions,5,TrustedShop,ShowRoom,3185,5,2021-04-12
49,top !,5,TrustedShop,ShowRoom,3197,5,2021-04-10
50,ok ok ok,5,TrustedShop,ShowRoom,3209,5,2021-04-09
51,top,5,TrustedShop,ShowRoom,3215,5,2021-04-08
52,ras,5,TrustedShop,ShowRoom,3249,5,2021-04-05
53,top rapide,5,TrustedShop,ShowRoom,3254,5,2021-04-05
54,molto bene,5,TrustedShop,ShowRoom,3281,5,2021-04-03
55,super,5,TrustedShop,ShowRoom,3308,5,2021-04-01
56,ras,5,TrustedShop,ShowRoom,3322,5,2021-03-31
57,fast and perfect !,5,TrustedShop,ShowRoom,3328,5,2021-03-31
58,ras,5,TrustedShop,ShowRoom,3337,5,2021-03-30
59,ras,5,TrustedShop,ShowRoom,3350,5,2021-03-30
60,produit nikel,5,TrustedShop,ShowRoom,3359,5,2021-03-29
61,"delivery man did not drop the package properly . he rang my bell and then ran away from the door without waiting for me to go downstairs , and it s dangerous someone to pick my stuff on my behalf if no one is watching over the boxes until i am able to pick them .",2,TrustedShop,ShowRoom,3360,2,2021-03-29
62,excelente,5,TrustedShop,ShowRoom,3361,5,2021-03-29
63,good shoping experience .,5,TrustedShop,ShowRoom,3428,5,2021-03-24
64,ras,5,TrustedShop,ShowRoom,3443,5,2021-03-23
65,salute 5++++,5,TrustedShop,ShowRoom,3497,5,2021-03-20
66,good,4,TrustedShop,ShowRoom,3524,4,2021-03-18
67,fine,5,TrustedShop,ShowRoom,3527,5,2021-03-18
68,excelente,5,TrustedShop,ShowRoom,3551,5,2021-03-17
69,top,4,TrustedShop,ShowRoom,3553,4,2021-03-17
70,r.a.s,4,TrustedShop,ShowRoom,3562,4,2021-03-16
71,nickel,5,TrustedShop,ShowRoom,3577,5,2021-03-16
72,bom,4,TrustedShop,ShowRoom,3596,4,2021-03-14
73,conforme a mes attentes,5,TrustedShop,ShowRoom,3613,5,2021-03-13
74,super,5,TrustedShop,ShowRoom,3666,5,2021-03-11
75,all was good,4,TrustedShop,ShowRoom,3683,4,2021-03-10
76,very satisfied with the product,5,TrustedShop,ShowRoom,3700,5,2021-03-08
77,bene arrivate in anticipo,5,TrustedShop,ShowRoom,3709,5,2021-03-07
78,ravie,5,TrustedShop,ShowRoom,3734,5,2021-03-05
79,took too long to arrive,3,TrustedShop,ShowRoom,3748,3,2021-03-04
80,ras,5,TrustedShop,ShowRoom,3773,5,2021-03-03
81,"super fast delivery , product exactly as advertised . top service !",5,TrustedShop,ShowRoom,3784,5,2021-03-02
82,excelente,5,TrustedShop,ShowRoom,3797,5,2021-03-02
83,top,5,TrustedShop,ShowRoom,3800,5,2021-03-02
84,r a s,5,TrustedShop,ShowRoom,3817,5,2021-03-01
85,a very good experience ad usual,4,TrustedShop,ShowRoom,3834,4,2021-02-28
86,ras,4,TrustedShop,ShowRoom,3883,4,2021-02-25
87,"i did ' n receive my order complete , the product was wrong , and the app dont allow to contact the client support .",2,TrustedShop,ShowRoom,3886,2,2021-02-25
88,top,5,TrustedShop,ShowRoom,3899,5,2021-02-24
89,ras,4,TrustedShop,ShowRoom,3914,4,2021-02-23
90,top,5,TrustedShop,ShowRoom,3928,5,2021-02-23
91,ras,5,TrustedShop,ShowRoom,3943,5,2021-02-22
92,bon travaille,5,TrustedShop,ShowRoom,3966,5,2021-02-21
93,good,4,TrustedShop,ShowRoom,3967,4,2021-02-21
94,magnifico,5,TrustedShop,ShowRoom,3973,5,2021-02-21
95,i do find sp very useful in the time of the pandemia .,5,TrustedShop,ShowRoom,3998,5,2021-02-20
96,"very high quality products , good pricing and packaging . the sale had an impressive variety of products , providing significant choice in terms of product lines , colours , sizes , etc . the parcel included 3 jars in glass very well wrapped , arriving in an impeccable condition the delivery was made within the expected timeframe . definitely recommend product and store",5,TrustedShop,ShowRoom,4020,5,2021-02-19
97,five star,5,TrustedShop,ShowRoom,4134,5,2021-02-13
98,good .,5,TrustedShop,ShowRoom,4141,5,2021-02-12
99,nickel,5,TrustedShop,ShowRoom,4150,5,2021-02-12
100,bon produit,5,TrustedShop,ShowRoom,4163,5,2021-02-11
101,perfect,5,TrustedShop,ShowRoom,4201,5,2021-02-10
102,ras,5,TrustedShop,ShowRoom,4216,5,2021-02-09
103,malo,1,TrustedShop,ShowRoom,4222,1,2021-02-09
104,ras,4,TrustedShop,ShowRoom,4224,4,2021-02-09
105,good products and good service .,5,TrustedShop,ShowRoom,4226,5,2021-02-09
106,"5 star service . its not the first time i am ordering from showroomprive and not the last time , for sure .",5,TrustedShop,ShowRoom,4256,5,2021-02-06
107,ras,5,TrustedShop,ShowRoom,4286,5,2021-02-04
108,ras,5,TrustedShop,ShowRoom,4337,5,2021-02-01
109,ras,5,TrustedShop,ShowRoom,4346,5,2021-01-31
110,muy bonito,4,TrustedShop,ShowRoom,4369,4,2021-01-30
111,yessssss !,5,TrustedShop,ShowRoom,4377,5,2021-01-29
112,ras,5,TrustedShop,ShowRoom,4391,5,2021-01-29
113,fantastic bargainsn,5,TrustedShop,ShowRoom,4395,5,2021-01-29
114,i always become my shopping from showroom . i adore it . the pack always become in time and the products are excellent !,5,TrustedShop,ShowRoom,4400,5,2021-01-29
115,ras,5,TrustedShop,ShowRoom,4435,5,2021-01-28
116,ras,4,TrustedShop,ShowRoom,4454,4,2021-01-27
117,very happy,5,TrustedShop,ShowRoom,4484,5,2021-01-24
118,merci,4,TrustedShop,ShowRoom,4486,4,2021-01-24
119,ras,5,TrustedShop,ShowRoom,4490,5,2021-01-24
120,j'adore tout !,5,TrustedShop,ShowRoom,4508,5,2021-01-23
121,ras,4,TrustedShop,ShowRoom,4525,4,2021-01-22
122,good quality product,4,TrustedShop,ShowRoom,4527,4,2021-01-22
123,great product and quick delivery,5,TrustedShop,ShowRoom,4536,5,2021-01-21
124,customer for years i 'm satisfied with the shopping,5,TrustedShop,ShowRoom,4548,5,2021-01-21
125,ras,5,TrustedShop,ShowRoom,4552,5,2021-01-21
126,ras,5,TrustedShop,ShowRoom,4572,5,2021-01-20
127,top !,5,TrustedShop,ShowRoom,4577,5,2021-01-19
128,produits tops,5,TrustedShop,ShowRoom,4713,5,2021-01-11
129,r.a.s .,5,TrustedShop,ShowRoom,4716,5,2021-01-11
130,veri good !,5,TrustedShop,ShowRoom,4719,5,2021-01-11
131,everything was fine unless the the delivery time but it ’ s understandable in this time of year ! thanks for your support regards,4,TrustedShop,ShowRoom,4723,4,2021-01-11
132,"you do n't have a real size chart for the clothes and for the brand 's that i do not know , it 's very frustrating .",4,TrustedShop,ShowRoom,4756,4,2021-01-09
133,super,5,TrustedShop,ShowRoom,4758,5,2021-01-09
134,"i have n't received a part of the order , client service is unachievable and even the parcel was difficult to find at parcel shop",1,TrustedShop,ShowRoom,4771,1,2021-01-06
135,ras,5,TrustedShop,ShowRoom,4778,5,2021-01-05
136,top,5,TrustedShop,ShowRoom,4835,5,2020-12-30
137,ras,4,TrustedShop,ShowRoom,4853,4,2020-12-29
138,ras,5,TrustedShop,ShowRoom,4862,5,2020-12-28
139,large choix,4,TrustedShop,ShowRoom,4863,4,2020-12-28
140,"fast delivery , even faster than stated . very high quality and beautiful t-shirt . only good recommendations",5,TrustedShop,ShowRoom,4874,5,2020-12-28
141,super sac !,5,TrustedShop,ShowRoom,4880,5,2020-12-28
142,top,5,TrustedShop,ShowRoom,4898,5,2020-12-26
143,top,5,TrustedShop,ShowRoom,4950,5,2020-12-23
144,too slow delivery,2,TrustedShop,ShowRoom,4979,2,2020-12-22
145,ras,3,TrustedShop,ShowRoom,4983,3,2020-12-22
146,satisfaction .,4,TrustedShop,ShowRoom,4990,4,2020-12-22
147,ras,5,TrustedShop,ShowRoom,4992,5,2020-12-22
148,ras,5,TrustedShop,ShowRoom,5002,5,2020-12-21
149,je n ’ aime pas la marque lovies and co,5,TrustedShop,ShowRoom,5016,5,2020-12-21
150,very fast deliver !,5,TrustedShop,ShowRoom,5046,5,2020-12-18
151,colis rapide,4,TrustedShop,ShowRoom,5047,4,2020-12-18
152,perfecto,5,TrustedShop,ShowRoom,5075,5,2020-12-17
153,.. mml,5,TrustedShop,ShowRoom,5078,5,2020-12-17
154,top,5,TrustedShop,ShowRoom,5086,5,2020-12-16
155,ras,5,TrustedShop,ShowRoom,5110,5,2020-12-14
156,top,5,TrustedShop,ShowRoom,5127,5,2020-12-13
157,great brands and fantastic discounts,5,TrustedShop,ShowRoom,5163,5,2020-12-11
158,"good quality products , fast delivery .",4,TrustedShop,ShowRoom,5180,4,2020-12-10
159,bom .,5,TrustedShop,ShowRoom,5185,5,2020-12-10
160,nickel,4,TrustedShop,ShowRoom,5205,4,2020-12-08
161,nice,5,TrustedShop,ShowRoom,5224,5,2020-12-04
162,ras,4,TrustedShop,ShowRoom,5226,4,2020-12-04
163,super sac !,5,TrustedShop,ShowRoom,5240,5,2020-12-03
164,all good,4,TrustedShop,ShowRoom,5254,4,2020-12-02
165,5estrelas,5,TrustedShop,ShowRoom,5263,5,2020-12-01
166,super bottines,5,TrustedShop,ShowRoom,5268,5,2020-12-01
167,top,5,TrustedShop,ShowRoom,5278,5,2020-11-30
168,super achat,5,TrustedShop,ShowRoom,5290,5,2020-11-28
169,top,5,TrustedShop,ShowRoom,5292,5,2020-11-27
170,ras,5,TrustedShop,ShowRoom,5328,5,2020-11-26
171,top,5,TrustedShop,ShowRoom,5330,5,2020-11-26
172,ras,5,TrustedShop,ShowRoom,5332,5,2020-11-26
173,correspond tout a fait a mes attentes,4,TrustedShop,ShowRoom,5335,4,2020-11-26
174,ras,5,TrustedShop,ShowRoom,5390,5,2020-11-23
175,excelente,5,TrustedShop,ShowRoom,5392,5,2020-11-23
176,ras,5,TrustedShop,ShowRoom,5399,5,2020-11-23
177,ravie,4,TrustedShop,ShowRoom,5402,4,2020-11-22
178,good service and perfect shoes and packaging,5,TrustedShop,ShowRoom,5419,5,2020-11-22
179,perfecto,5,TrustedShop,ShowRoom,5422,5,2020-11-22
180,top,4,TrustedShop,ShowRoom,5426,4,2020-11-21
181,my order never arrived,1,TrustedShop,ShowRoom,5429,1,2020-11-21
182,deliveries should be quicker and it should be easier to get hold of customer service .,3,TrustedShop,ShowRoom,5430,3,2020-11-21
183,super,5,TrustedShop,ShowRoom,5438,5,2020-11-20
184,excellent produits,5,TrustedShop,ShowRoom,5457,5,2020-11-20
185,super,5,TrustedShop,ShowRoom,5464,5,2020-11-19
186,articles top ! ! !,5,TrustedShop,ShowRoom,5492,5,2020-11-18
187,ras,5,TrustedShop,ShowRoom,5497,5,2020-11-18
188,"the delivery arrived earlier , the only thing is the product was just in the bag of the delivery bag without any protection like being in another bag inside the delivery bag . rather than that the product was just perfect like on the site ! ! ! a good experience as always ! ! !",5,TrustedShop,ShowRoom,5510,5,2020-11-17
189,super,5,TrustedShop,ShowRoom,5543,5,2020-11-14
190,top,5,TrustedShop,ShowRoom,5546,5,2020-11-14
191,ras,5,TrustedShop,ShowRoom,5554,5,2020-11-13
192,good,5,TrustedShop,ShowRoom,5559,5,2020-11-13
193,ras,4,TrustedShop,ShowRoom,5581,4,2020-11-11
194,top,5,TrustedShop,ShowRoom,5585,5,2020-11-10
195,top,4,TrustedShop,ShowRoom,5587,4,2020-11-10
196,"fast delivery , nice case and looks like the pictures",5,TrustedShop,ShowRoom,5630,5,2020-11-08
197,i loved the stuff and the service . thank you,5,TrustedShop,ShowRoom,5642,5,2020-11-07
198,perfect !,5,TrustedShop,ShowRoom,5655,5,2020-11-06
199,perfecto,5,TrustedShop,ShowRoom,5665,5,2020-11-06
200,ras,5,TrustedShop,ShowRoom,5695,5,2020-11-05
201,my orders arrived in time and the things i bought corresponded to the announcements . i am very pleased with the website .,5,TrustedShop,ShowRoom,5704,5,2020-11-04
202,excelente,5,TrustedShop,ShowRoom,5751,5,2020-11-02
203,i love kookai and i am very satisfied with the items i bought,5,TrustedShop,ShowRoom,5758,5,2020-11-02
204,top,5,TrustedShop,ShowRoom,5780,5,2020-10-31
205,bello,5,TrustedShop,ShowRoom,5788,5,2020-10-30
206,received 1 good with colour different the from ordered,3,TrustedShop,ShowRoom,5791,3,2020-10-30
207,"the package was damaged , but the goods were ok .",4,TrustedShop,ShowRoom,5792,4,2020-10-30
208,top,4,TrustedShop,ShowRoom,5812,4,2020-10-29
209,quick delivery and excellent product quality,5,TrustedShop,ShowRoom,5814,5,2020-10-29
210,bello,5,TrustedShop,ShowRoom,5819,5,2020-10-29
211,the cavalli i recently bought gave me a concern over the size cause i took size 52 and what i saw was size 56,4,TrustedShop,ShowRoom,5834,4,2020-10-28
212,perfectos,5,TrustedShop,ShowRoom,5836,5,2020-10-28
213,nul,1,TrustedShop,ShowRoom,5847,1,2020-10-28
214,bom,4,TrustedShop,ShowRoom,5889,4,2020-10-25
215,molto bello,5,TrustedShop,ShowRoom,5926,5,2020-10-22
216,i wish you ’ d ask me about the order that wasn ’ t delivered after 45 days and my money was kept for that period ...,3,TrustedShop,ShowRoom,5937,3,2020-10-22
217,the products were delivered in the wrong size .,3,TrustedShop,ShowRoom,5972,3,2020-10-20
218,ras,4,TrustedShop,ShowRoom,5986,4,2020-10-19
219,super,4,TrustedShop,ShowRoom,5998,4,2020-10-18
220,je suis content .,4,TrustedShop,ShowRoom,6016,4,2020-10-16
221,ottima marca,5,TrustedShop,ShowRoom,6030,5,2020-10-16
222,thank you,5,TrustedShop,ShowRoom,6031,5,2020-10-15
223,fantastic purchase,5,TrustedShop,ShowRoom,6032,5,2020-10-15
224,excelente,5,TrustedShop,ShowRoom,6037,5,2020-10-15
225,ras,4,TrustedShop,ShowRoom,6041,4,2020-10-15
226,good,5,TrustedShop,ShowRoom,6063,5,2020-10-14
227,"everything was ok , the delivery was actually much earlier than expected",5,TrustedShop,ShowRoom,6066,5,2020-10-14
228,ras,5,TrustedShop,ShowRoom,6074,5,2020-10-13
229,excellent choix,5,TrustedShop,ShowRoom,6127,5,2020-10-08
230,hry,3,TrustedShop,ShowRoom,6129,3,2020-10-08
231,ras,5,TrustedShop,ShowRoom,6136,5,2020-10-07
232,okkk,5,TrustedShop,ShowRoom,6160,5,2020-10-06
233,ras,5,TrustedShop,ShowRoom,6172,5,2020-10-06
234,top,4,TrustedShop,ShowRoom,6175,4,2020-10-05
235,good opportunities !,4,TrustedShop,ShowRoom,6184,4,2020-10-05
236,ras,4,TrustedShop,ShowRoom,6195,4,2020-10-04
237,merci,5,TrustedShop,ShowRoom,6201,5,2020-10-03
238,bom,4,TrustedShop,ShowRoom,6229,4,2020-10-01
239,the color is not what expected in the product . i saw red and came almost pink .,3,TrustedShop,ShowRoom,6237,3,2020-10-01
240,ras,4,TrustedShop,ShowRoom,6275,4,2020-09-29
241,ras,4,TrustedShop,ShowRoom,6283,4,2020-09-28
242,molto buono,5,TrustedShop,ShowRoom,6285,5,2020-09-28
243,bravi,5,TrustedShop,ShowRoom,6311,5,2020-09-25
244,ras,4,TrustedShop,ShowRoom,6334,4,2020-09-23
245,ras,5,TrustedShop,ShowRoom,6350,5,2020-09-22
246,tout nickel,5,TrustedShop,ShowRoom,6362,5,2020-09-20
247,very hapy with the product !,5,TrustedShop,ShowRoom,6379,5,2020-09-18
248,bon,4,TrustedShop,ShowRoom,6399,4,2020-09-17
249,perfetti,5,TrustedShop,ShowRoom,6401,5,2020-09-17
250,ras,5,TrustedShop,ShowRoom,6406,5,2020-09-17
251,bon produits,4,TrustedShop,ShowRoom,6410,4,2020-09-17
252,top,5,TrustedShop,ShowRoom,6428,5,2020-09-15
253,excelente,5,TrustedShop,ShowRoom,6432,5,2020-09-14
254,okk,5,TrustedShop,ShowRoom,6436,5,2020-09-14
255,muy satisfechos,5,TrustedShop,ShowRoom,6437,5,2020-09-14
256,not applicable,4,TrustedShop,ShowRoom,6478,4,2020-09-11
257,super service .,5,TrustedShop,ShowRoom,6485,5,2020-09-10
258,ras,5,TrustedShop,ShowRoom,6545,5,2020-09-06
259,ras,4,TrustedShop,ShowRoom,6612,4,2020-09-02
260,merci,5,TrustedShop,ShowRoom,6639,5,2020-09-01
261,ras,5,TrustedShop,ShowRoom,6686,5,2020-09-01
262,bon service,4,TrustedShop,ShowRoom,6690,4,2020-09-01
263,"tout simplement , j'adore ! ! ! merci .",5,TrustedShop,ShowRoom,6717,5,2020-08-31
264,ras,5,TrustedShop,ShowRoom,6724,5,2020-08-31
265,super,5,TrustedShop,ShowRoom,6732,5,2020-08-31
266,top,5,TrustedShop,ShowRoom,6733,5,2020-08-31
267,ras,5,TrustedShop,ShowRoom,6753,5,2020-08-31
268,felicitation,5,TrustedShop,ShowRoom,6759,5,2020-08-31
269,top,5,TrustedShop,ShowRoom,6767,5,2020-08-31
270,ras,5,TrustedShop,ShowRoom,6782,5,2020-08-31
271,excellent produit,5,TrustedShop,ShowRoom,6783,5,2020-08-31
272,top,5,TrustedShop,ShowRoom,6789,5,2020-08-31
273,ras,4,TrustedShop,ShowRoom,6790,4,2020-08-31
274,ras,4,TrustedShop,ShowRoom,6799,4,2020-08-31
275,ras,5,TrustedShop,ShowRoom,6807,5,2020-08-31
276,nickel,5,TrustedShop,ShowRoom,6847,5,2020-08-30
277,merci,5,TrustedShop,ShowRoom,6857,5,2020-08-30
278,content mon achat n'un gb,4,TrustedShop,ShowRoom,6883,4,2020-08-30
279,merci,5,TrustedShop,ShowRoom,6887,5,2020-08-30
280,ras,5,TrustedShop,ShowRoom,6897,5,2020-08-30
281,ravie,5,TrustedShop,ShowRoom,6923,5,2020-08-30
282,super,5,TrustedShop,ShowRoom,6930,5,2020-08-30
283,cool,5,TrustedShop,ShowRoom,6933,5,2020-08-30
284,bon produit,5,TrustedShop,ShowRoom,6945,5,2020-08-30
285,super,5,TrustedShop,ShowRoom,6952,5,2020-08-30
286,ras,5,TrustedShop,ShowRoom,6959,5,2020-08-30
287,oh top nickel,5,TrustedShop,ShowRoom,6991,5,2020-08-29
288,ras,5,TrustedShop,ShowRoom,7000,5,2020-08-29
289,"livr2idon rapide , excellents tissus . fan",5,TrustedShop,ShowRoom,7006,5,2020-08-29
290,ras,5,TrustedShop,ShowRoom,7040,5,2020-08-29
291,ras,4,TrustedShop,ShowRoom,7053,4,2020-08-29
292,ras,5,TrustedShop,ShowRoom,7064,5,2020-08-29
293,nickel,5,TrustedShop,ShowRoom,7101,5,2020-08-28
294,ras,5,TrustedShop,ShowRoom,7112,5,2020-08-28
295,ras,4,TrustedShop,ShowRoom,7129,4,2020-08-28
296,ras,5,TrustedShop,ShowRoom,7152,5,2020-08-28
297,ras,4,TrustedShop,ShowRoom,7195,4,2020-08-28
298,super,4,TrustedShop,ShowRoom,7201,4,2020-08-27
299,ravie,5,TrustedShop,ShowRoom,7215,5,2020-08-27
300,article correct,4,TrustedShop,ShowRoom,7230,4,2020-08-27
301,abc,4,TrustedShop,ShowRoom,7255,4,2020-08-27
302,ras,4,TrustedShop,ShowRoom,7257,4,2020-08-27
303,super,4,TrustedShop,ShowRoom,7281,4,2020-08-27
304,ras,3,TrustedShop,ShowRoom,7298,3,2020-08-26
305,super,5,TrustedShop,ShowRoom,7309,5,2020-08-26
306,ras,5,TrustedShop,ShowRoom,7327,5,2020-08-26
307,merci,5,TrustedShop,ShowRoom,7338,5,2020-08-25
308,merci,4,TrustedShop,ShowRoom,7367,4,2020-08-25
309,ras,3,TrustedShop,ShowRoom,7368,3,2020-08-25
310,bon produit,4,TrustedShop,ShowRoom,7369,4,2020-08-25
311,perfect,5,TrustedShop,ShowRoom,7377,5,2020-08-25
312,robes correctes,4,TrustedShop,ShowRoom,7380,4,2020-08-25
313,top,5,TrustedShop,ShowRoom,7393,5,2020-08-24
314,ras,5,TrustedShop,ShowRoom,7407,5,2020-08-24
315,ras,4,TrustedShop,ShowRoom,7437,4,2020-08-24
316,ras,5,TrustedShop,ShowRoom,7440,5,2020-08-24
317,ras,5,TrustedShop,ShowRoom,7476,5,2020-08-24
318,bonne,5,TrustedShop,ShowRoom,7486,5,2020-08-24
319,ras,5,TrustedShop,ShowRoom,7515,5,2020-08-23
320,conforme,4,TrustedShop,ShowRoom,7519,4,2020-08-23
321,merci,4,TrustedShop,ShowRoom,7545,4,2020-08-23
322,ras,4,TrustedShop,ShowRoom,7550,4,2020-08-23
323,merci,5,TrustedShop,ShowRoom,7558,5,2020-08-23
324,okk,5,TrustedShop,ShowRoom,7585,5,2020-08-23
325,top . merci,5,TrustedShop,ShowRoom,7602,5,2020-08-23
326,cool,5,TrustedShop,ShowRoom,7612,5,2020-08-22
327,merci,5,TrustedShop,ShowRoom,7625,5,2020-08-22
328,ras,5,TrustedShop,ShowRoom,7627,5,2020-08-22
329,sac sympa,3,TrustedShop,ShowRoom,7630,3,2020-08-22
330,nickel,5,TrustedShop,ShowRoom,7635,5,2020-08-22
331,ras,5,TrustedShop,ShowRoom,7640,5,2020-08-22
332,ras,5,TrustedShop,ShowRoom,7681,5,2020-08-22
333,top,5,TrustedShop,ShowRoom,7704,5,2020-08-21
334,top,5,TrustedShop,ShowRoom,7706,5,2020-08-21
335,ras,5,TrustedShop,ShowRoom,7729,5,2020-08-21
336,ras,5,TrustedShop,ShowRoom,7740,5,2020-08-21
337,ras,5,TrustedShop,ShowRoom,7747,5,2020-08-21
338,ttb,5,TrustedShop,ShowRoom,7748,5,2020-08-21
339,ras,5,TrustedShop,ShowRoom,7757,5,2020-08-21
340,top,5,TrustedShop,ShowRoom,7794,5,2020-08-20
341,ras,5,TrustedShop,ShowRoom,7835,5,2020-08-20
342,nul nul nul,1,TrustedShop,ShowRoom,7854,1,2020-08-20
343,ras,5,TrustedShop,ShowRoom,7855,5,2020-08-20
344,ras,4,TrustedShop,ShowRoom,7869,4,2020-08-20
345,ras,5,TrustedShop,ShowRoom,7876,5,2020-08-19
346,c top,3,TrustedShop,ShowRoom,7909,3,2020-08-18
347,okk,4,TrustedShop,ShowRoom,7916,4,2020-08-18
348,article correspond a la photo,5,TrustedShop,ShowRoom,7941,5,2020-08-17
349,top !,5,TrustedShop,ShowRoom,7942,5,2020-08-17
350,ras,4,TrustedShop,ShowRoom,7943,4,2020-08-17
351,ras,5,TrustedShop,ShowRoom,7970,5,2020-08-17
352,super,5,TrustedShop,ShowRoom,7983,5,2020-08-17
353,super,5,TrustedShop,ShowRoom,7996,5,2020-08-16
354,rad,4,TrustedShop,ShowRoom,8007,4,2020-08-16
355,cool,4,TrustedShop,ShowRoom,8026,4,2020-08-16
356,ras,5,TrustedShop,ShowRoom,8038,5,2020-08-16
357,ras,4,TrustedShop,ShowRoom,8058,4,2020-08-16
358,satisfaction totale,5,TrustedShop,ShowRoom,8072,5,2020-08-16
359,ras,5,TrustedShop,ShowRoom,8077,5,2020-08-16
360,super,5,TrustedShop,ShowRoom,8078,5,2020-08-16
361,ras,5,TrustedShop,ShowRoom,8122,5,2020-08-15
362,nickel !,5,TrustedShop,ShowRoom,8139,5,2020-08-15
363,ras,5,TrustedShop,ShowRoom,8167,5,2020-08-15
364,rad,5,TrustedShop,ShowRoom,8176,5,2020-08-15
365,"facile , rapide , conforme ! ! !",5,TrustedShop,ShowRoom,8180,5,2020-08-15
366,magnific,4,TrustedShop,ShowRoom,8222,4,2020-08-14
367,r.a.s,5,TrustedShop,ShowRoom,8242,5,2020-08-14
368,nickel,5,TrustedShop,ShowRoom,8250,5,2020-08-14
369,"encore , encore : )",5,TrustedShop,ShowRoom,8273,5,2020-08-14
370,ras,5,TrustedShop,ShowRoom,8291,5,2020-08-14
371,top,5,TrustedShop,ShowRoom,8299,5,2020-08-13
372,nickel,5,TrustedShop,ShowRoom,8311,5,2020-08-13
373,satisfaction,4,TrustedShop,ShowRoom,8318,4,2020-08-13
374,ras,4,TrustedShop,ShowRoom,8337,4,2020-08-13
375,top,5,TrustedShop,ShowRoom,8340,5,2020-08-13
376,correct,4,TrustedShop,ShowRoom,8370,4,2020-08-13
377,ras,5,TrustedShop,ShowRoom,8385,5,2020-08-12
378,decu,3,TrustedShop,ShowRoom,8400,3,2020-08-12
379,site super,4,TrustedShop,ShowRoom,8494,4,2020-08-10
380,ras,5,TrustedShop,ShowRoom,8506,5,2020-08-10
381,top,5,TrustedShop,ShowRoom,8509,5,2020-08-10
382,bon,5,TrustedShop,ShowRoom,8516,5,2020-08-10
383,r. a. s. satisfaction totale,5,TrustedShop,ShowRoom,8522,5,2020-08-10
384,bon produits .,4,TrustedShop,ShowRoom,8523,4,2020-08-10
385,ras,4,TrustedShop,ShowRoom,8530,4,2020-08-10
386,ras,5,TrustedShop,ShowRoom,8562,5,2020-08-09
387,content,4,TrustedShop,ShowRoom,8567,4,2020-08-09
388,merci,5,TrustedShop,ShowRoom,8575,5,2020-08-09
389,top,5,TrustedShop,ShowRoom,8594,5,2020-08-09
390,ravie,5,TrustedShop,ShowRoom,8597,5,2020-08-09
391,top,4,TrustedShop,ShowRoom,8606,4,2020-08-09
392,top,5,TrustedShop,ShowRoom,8607,5,2020-08-09
393,ras,4,TrustedShop,ShowRoom,8609,4,2020-08-09
394,bon produit,5,TrustedShop,ShowRoom,8611,5,2020-08-09
395,"les converses sont superbes , super offre !",4,TrustedShop,ShowRoom,8623,4,2020-08-09
396,bon produit,4,TrustedShop,ShowRoom,8626,4,2020-08-09
397,produit conforme a l image,5,TrustedShop,ShowRoom,8644,5,2020-08-09
398,bon produit,5,TrustedShop,ShowRoom,8646,5,2020-08-09
399,super,5,TrustedShop,ShowRoom,8671,5,2020-08-08
400,super,5,TrustedShop,ShowRoom,8728,5,2020-08-08
401,trop cool merci,5,TrustedShop,ShowRoom,8786,5,2020-08-07
402,rapide,4,TrustedShop,ShowRoom,8788,4,2020-08-07
403,conforme,5,TrustedShop,ShowRoom,8812,5,2020-08-07
404,super,5,TrustedShop,ShowRoom,8871,5,2020-08-06
405,ras,5,TrustedShop,ShowRoom,8888,5,2020-08-06
406,ravie,5,TrustedShop,ShowRoom,8889,5,2020-08-06
407,super,5,TrustedShop,ShowRoom,8891,5,2020-08-06
408,nickel,5,TrustedShop,ShowRoom,8961,5,2020-08-05
409,nickel,4,TrustedShop,ShowRoom,8964,4,2020-08-05
410,quality top,4,TrustedShop,ShowRoom,8968,4,2020-08-05
411,do n't know why but the shipment was never delivered and went back,1,TrustedShop,ShowRoom,8982,1,2020-08-05
412,bon produit,4,TrustedShop,ShowRoom,8988,4,2020-08-05
413,ras,4,TrustedShop,ShowRoom,9048,4,2020-08-04
414,super,5,TrustedShop,ShowRoom,9055,5,2020-08-03
415,super,5,TrustedShop,ShowRoom,9091,5,2020-08-03
416,ras,4,TrustedShop,ShowRoom,9103,4,2020-08-03
417,ras,5,TrustedShop,ShowRoom,9137,5,2020-08-03
418,rien,4,TrustedShop,ShowRoom,9147,4,2020-08-03
419,rad,4,TrustedShop,ShowRoom,9150,4,2020-08-03
420,ras,5,TrustedShop,ShowRoom,9174,5,2020-08-02
421,ras,5,TrustedShop,ShowRoom,9197,5,2020-08-02
422,super,5,TrustedShop,ShowRoom,9202,5,2020-08-02
423,correct,5,TrustedShop,ShowRoom,9217,5,2020-08-02
424,top !,5,TrustedShop,ShowRoom,9232,5,2020-08-02
425,super,5,TrustedShop,ShowRoom,9238,5,2020-08-02
426,ras,5,TrustedShop,ShowRoom,9245,5,2020-08-02
427,ras,5,TrustedShop,ShowRoom,9271,5,2020-08-02
428,top,5,TrustedShop,ShowRoom,9296,5,2020-08-02
429,super,5,TrustedShop,ShowRoom,9303,5,2020-08-02
430,nickel,5,TrustedShop,ShowRoom,9306,5,2020-08-02
431,ras,5,TrustedShop,ShowRoom,9331,5,2020-08-01
432,ras,5,TrustedShop,ShowRoom,9334,5,2020-08-01
433,ras,4,TrustedShop,ShowRoom,9336,4,2020-08-01
434,top !,5,TrustedShop,ShowRoom,9338,5,2020-08-01
435,ras,5,TrustedShop,ShowRoom,9339,5,2020-08-01
436,top,5,TrustedShop,ShowRoom,9341,5,2020-08-01
437,top,5,TrustedShop,ShowRoom,9359,5,2020-08-01
438,top !,5,TrustedShop,ShowRoom,9384,5,2020-08-01
439,ras,5,TrustedShop,ShowRoom,9385,5,2020-08-01
440,ras,4,TrustedShop,ShowRoom,9402,4,2020-08-01
441,bof,4,TrustedShop,ShowRoom,9408,4,2020-08-01
442,ras,5,TrustedShop,ShowRoom,9424,5,2020-08-01
443,ras,5,TrustedShop,ShowRoom,9427,5,2020-08-01
444,super,5,TrustedShop,ShowRoom,9438,5,2020-08-01
445,super,5,TrustedShop,ShowRoom,9442,5,2020-08-01
446,the size although small was so big and there is no chance if return,3,TrustedShop,ShowRoom,9459,3,2020-07-31
447,ras,5,TrustedShop,ShowRoom,9464,5,2020-07-31
448,achat parfait,5,TrustedShop,ShowRoom,9472,5,2020-07-31
449,bravo .,5,TrustedShop,ShowRoom,9475,5,2020-07-31
450,pb articles,3,TrustedShop,ShowRoom,9483,3,2020-07-31
451,nul,1,TrustedShop,ShowRoom,9485,1,2020-07-31
452,ras,5,TrustedShop,ShowRoom,9501,5,2020-07-31
453,ras,5,TrustedShop,ShowRoom,9502,5,2020-07-31
454,top,5,TrustedShop,ShowRoom,9507,5,2020-07-31
455,incroyable,5,TrustedShop,ShowRoom,9580,5,2020-07-31
456,ras,5,TrustedShop,ShowRoom,9590,5,2020-07-31
457,ras,5,TrustedShop,ShowRoom,9645,5,2020-07-30
458,oki,4,TrustedShop,ShowRoom,9665,4,2020-07-29
459,correct,4,TrustedShop,ShowRoom,9666,4,2020-07-29
460,ras,5,TrustedShop,ShowRoom,9676,5,2020-07-29
461,trop coool,5,TrustedShop,ShowRoom,9683,5,2020-07-29
462,top,5,TrustedShop,ShowRoom,9692,5,2020-07-29
463,produit conforme a mes attents,5,TrustedShop,ShowRoom,9698,5,2020-07-29
464,super,5,TrustedShop,ShowRoom,9706,5,2020-07-29
465,ras,4,TrustedShop,ShowRoom,9731,4,2020-07-28
466,bon produit,5,TrustedShop,ShowRoom,9748,5,2020-07-28
467,r a s,5,TrustedShop,ShowRoom,9767,5,2020-07-28
468,ras,5,TrustedShop,ShowRoom,9773,5,2020-07-28
469,nickel,4,TrustedShop,ShowRoom,9783,4,2020-07-28
470,ras,5,TrustedShop,ShowRoom,9800,5,2020-07-27
471,super,5,TrustedShop,ShowRoom,9864,5,2020-07-27
472,ras,5,TrustedShop,ShowRoom,9879,5,2020-07-27
473,satisfaction,5,TrustedShop,ShowRoom,9903,5,2020-07-27
474,bon produit,5,TrustedShop,ShowRoom,9905,5,2020-07-27
475,top,4,TrustedShop,ShowRoom,9923,4,2020-07-26
476,top !,5,TrustedShop,ShowRoom,9924,5,2020-07-26
477,conforme,5,TrustedShop,ShowRoom,9931,5,2020-07-26
478,super,5,TrustedShop,ShowRoom,9934,5,2020-07-26
479,super,5,TrustedShop,ShowRoom,9949,5,2020-07-26
480,ras,5,TrustedShop,ShowRoom,9956,5,2020-07-26
481,nice,4,TrustedShop,ShowRoom,9964,4,2020-07-26
482,super,5,TrustedShop,ShowRoom,9993,5,2020-07-26
483,merci,5,TrustedShop,ShowRoom,10001,5,2020-07-26
484,trop top,5,TrustedShop,ShowRoom,10016,5,2020-07-25
485,ras,5,TrustedShop,ShowRoom,10073,5,2020-07-25
486,ras,4,TrustedShop,ShowRoom,10087,4,2020-07-25
487,top,5,TrustedShop,ShowRoom,10089,5,2020-07-25
488,top,5,TrustedShop,ShowRoom,10135,5,2020-07-24
489,top,5,TrustedShop,ShowRoom,10156,5,2020-07-24
490,top,5,TrustedShop,ShowRoom,10162,5,2020-07-24
491,article conforme,5,TrustedShop,ShowRoom,10224,5,2020-07-24
492,le top !,5,TrustedShop,ShowRoom,10248,5,2020-07-24
493,top,5,TrustedShop,ShowRoom,10252,5,2020-07-24
494,super,4,TrustedShop,ShowRoom,10258,4,2020-07-24
495,ras,5,TrustedShop,ShowRoom,10267,5,2020-07-24
496,top,5,TrustedShop,ShowRoom,10298,5,2020-07-23
497,nickel,5,TrustedShop,ShowRoom,10300,5,2020-07-23
498,colis incomplet,2,TrustedShop,ShowRoom,10309,2,2020-07-23
499,top !,5,TrustedShop,ShowRoom,10321,5,2020-07-23
500,ras,5,TrustedShop,ShowRoom,10351,5,2020-07-23
501,ras,5,TrustedShop,ShowRoom,10369,5,2020-07-23
502,bof bof ...,4,TrustedShop,ShowRoom,10379,4,2020-07-23
503,ras,5,TrustedShop,ShowRoom,10380,5,2020-07-23
504,ras,5,TrustedShop,ShowRoom,10420,5,2020-07-22
505,merci,5,TrustedShop,ShowRoom,10426,5,2020-07-22
506,super,5,TrustedShop,ShowRoom,10446,5,2020-07-22
507,jolies boucles,4,TrustedShop,ShowRoom,10452,4,2020-07-22
508,super,5,TrustedShop,ShowRoom,10483,5,2020-07-21
509,ras,5,TrustedShop,ShowRoom,10493,5,2020-07-21
510,super,5,TrustedShop,ShowRoom,10502,5,2020-07-21
511,ras,5,TrustedShop,ShowRoom,10520,5,2020-07-21
512,super jolie,4,TrustedShop,ShowRoom,10537,4,2020-07-20
513,top,5,TrustedShop,ShowRoom,10540,5,2020-07-20
514,ok .. nickel partout ..,5,TrustedShop,ShowRoom,10580,5,2020-07-20
515,"impeccable , chaussures top !",5,TrustedShop,ShowRoom,10634,5,2020-07-20
516,ras,5,TrustedShop,ShowRoom,10640,5,2020-07-20
517,top !,4,TrustedShop,ShowRoom,10655,4,2020-07-20
518,ras,5,TrustedShop,ShowRoom,10658,5,2020-07-20
519,colis incomplet,1,TrustedShop,ShowRoom,10660,1,2020-07-20
520,merci,5,TrustedShop,ShowRoom,10678,5,2020-07-20
521,"the box was in terrible condition , completely broken and it felt like the shows were already tried and worn by someone else . highly disappointed",1,TrustedShop,ShowRoom,10707,1,2020-07-19
522,ras,5,TrustedShop,ShowRoom,10749,5,2020-07-19
523,super,4,TrustedShop,ShowRoom,10752,4,2020-07-19
524,am very satisfied your service,4,TrustedShop,ShowRoom,10756,4,2020-07-19
525,formidable 5/5,5,TrustedShop,ShowRoom,10765,5,2020-07-19
526,.merci,4,TrustedShop,ShowRoom,10821,4,2020-07-19
527,ras,5,TrustedShop,ShowRoom,10844,5,2020-07-18
528,nickel,5,TrustedShop,ShowRoom,10878,5,2020-07-18
529,produits super,5,TrustedShop,ShowRoom,10927,5,2020-07-18
530,top,4,TrustedShop,ShowRoom,10940,4,2020-07-18
531,ras,4,TrustedShop,ShowRoom,10953,4,2020-07-18
532,rapide r a s,5,TrustedShop,ShowRoom,11081,5,2020-07-16
533,produit top ! ! !,5,TrustedShop,ShowRoom,11087,5,2020-07-16
534,super,5,TrustedShop,ShowRoom,11162,5,2020-07-14
535,ras,5,TrustedShop,ShowRoom,11201,5,2020-07-14
536,bon articles,4,TrustedShop,ShowRoom,11204,4,2020-07-14
537,ras,4,TrustedShop,ShowRoom,11221,4,2020-07-14
538,mon mari aime beaucoup,4,TrustedShop,ShowRoom,11234,4,2020-07-13
539,super,5,TrustedShop,ShowRoom,11242,5,2020-07-13
540,top !,5,TrustedShop,ShowRoom,11247,5,2020-07-13
541,super,5,TrustedShop,ShowRoom,11248,5,2020-07-13
542,ras,5,TrustedShop,ShowRoom,11281,5,2020-07-13
543,j ai encore rien recu,1,TrustedShop,ShowRoom,11408,1,2020-07-12
544,top,5,TrustedShop,ShowRoom,11527,5,2020-07-11
545,ras,5,TrustedShop,ShowRoom,11543,5,2020-07-11
546,ras,5,TrustedShop,ShowRoom,11544,5,2020-07-11
547,ras,4,TrustedShop,ShowRoom,11555,4,2020-07-11
548,merciii,5,TrustedShop,ShowRoom,11560,5,2020-07-11
549,conforme a mes attentes,5,TrustedShop,ShowRoom,11571,5,2020-07-11
550,ras,5,TrustedShop,ShowRoom,11593,5,2020-07-11
551,ras,5,TrustedShop,ShowRoom,11629,5,2020-07-10
552,ras,5,TrustedShop,ShowRoom,11698,5,2020-07-10
553,ras,5,TrustedShop,ShowRoom,11702,5,2020-07-10
554,ras,5,TrustedShop,ShowRoom,11721,5,2020-07-10
555,super,5,TrustedShop,ShowRoom,11726,5,2020-07-10
556,ras,5,TrustedShop,ShowRoom,11743,5,2020-07-10
557,conforme,5,TrustedShop,ShowRoom,11746,5,2020-07-10
558,super,5,TrustedShop,ShowRoom,11807,5,2020-07-09
559,cool,5,TrustedShop,ShowRoom,11822,5,2020-07-09
560,ras,5,TrustedShop,ShowRoom,11825,5,2020-07-09
561,excellent produit,4,TrustedShop,ShowRoom,11829,4,2020-07-09
562,ras,4,TrustedShop,ShowRoom,11835,4,2020-07-09
563,trop belle,5,TrustedShop,ShowRoom,11875,5,2020-07-09
564,super,5,TrustedShop,ShowRoom,11878,5,2020-07-09
565,merci,4,TrustedShop,ShowRoom,11922,4,2020-07-09
566,trop contente,5,TrustedShop,ShowRoom,11928,5,2020-07-08
567,ras,4,TrustedShop,ShowRoom,11931,4,2020-07-08
568,ras,5,TrustedShop,ShowRoom,11935,5,2020-07-08
569,conforme,5,TrustedShop,ShowRoom,11942,5,2020-07-08
570,nickel,5,TrustedShop,ShowRoom,11988,5,2020-07-08
571,conforme,5,TrustedShop,ShowRoom,11997,5,2020-07-07
572,super,5,TrustedShop,ShowRoom,11999,5,2020-07-07
573,jolie,5,TrustedShop,ShowRoom,12017,5,2020-07-07
574,ras,5,TrustedShop,ShowRoom,12018,5,2020-07-07
575,ras,5,TrustedShop,ShowRoom,12022,5,2020-07-07
576,ras,4,TrustedShop,ShowRoom,12043,4,2020-07-07
577,merci,5,TrustedShop,ShowRoom,12127,5,2020-07-06
578,impecable,5,TrustedShop,ShowRoom,12148,5,2020-07-06
579,"rapide ,",5,TrustedShop,ShowRoom,12155,5,2020-07-06
580,super,5,TrustedShop,ShowRoom,12164,5,2020-07-06
581,tom,5,TrustedShop,ShowRoom,12188,5,2020-07-06
582,what else,5,TrustedShop,ShowRoom,12194,5,2020-07-06
583,ras,5,TrustedShop,ShowRoom,12198,5,2020-07-06
584,merci,5,TrustedShop,ShowRoom,12215,5,2020-07-06
585,merci,5,TrustedShop,ShowRoom,12234,5,2020-07-05
586,ras,5,TrustedShop,ShowRoom,12297,5,2020-07-05
587,ras,5,TrustedShop,ShowRoom,12298,5,2020-07-05
588,super,5,TrustedShop,ShowRoom,12335,5,2020-07-05
589,tres bon achat merci,5,TrustedShop,ShowRoom,12344,5,2020-07-05
590,ras,5,TrustedShop,ShowRoom,12360,5,2020-07-05
591,ras,5,TrustedShop,ShowRoom,12390,5,2020-07-05
592,satisfaction totale,4,TrustedShop,ShowRoom,12392,4,2020-07-05
593,livraison hyper rapide merci,5,TrustedShop,ShowRoom,12436,5,2020-07-04
594,bon produit,4,TrustedShop,ShowRoom,12457,4,2020-07-04
595,ras,5,TrustedShop,ShowRoom,12460,5,2020-07-04
596,merci,5,TrustedShop,ShowRoom,12461,5,2020-07-04
597,ras,5,TrustedShop,ShowRoom,12468,5,2020-07-04
598,bravo,5,TrustedShop,ShowRoom,12469,5,2020-07-04
599,ras,5,TrustedShop,ShowRoom,12478,5,2020-07-04
600,ras,5,TrustedShop,ShowRoom,12484,5,2020-07-04
601,top !,5,TrustedShop,ShowRoom,12501,5,2020-07-04
602,produit conforme a l image ..,5,TrustedShop,ShowRoom,12502,5,2020-07-04
603,super,5,TrustedShop,ShowRoom,12516,5,2020-07-04
604,top,5,TrustedShop,ShowRoom,12535,5,2020-07-04
605,l 'excellence .....,5,TrustedShop,ShowRoom,12591,5,2020-07-03
606,content,5,TrustedShop,ShowRoom,12596,5,2020-07-03
607,ras,5,TrustedShop,ShowRoom,12601,5,2020-07-03
608,bon produit,5,TrustedShop,ShowRoom,12617,5,2020-07-03
609,1/2 articles a retourner,2,TrustedShop,ShowRoom,12669,2,2020-07-03
610,ras,5,TrustedShop,ShowRoom,12753,5,2020-07-03
611,nickel,5,TrustedShop,ShowRoom,12768,5,2020-07-02
612,nickel,5,TrustedShop,ShowRoom,12788,5,2020-07-02
613,top !,5,TrustedShop,ShowRoom,12813,5,2020-07-02
614,ras,5,TrustedShop,ShowRoom,12829,5,2020-07-02
615,top .,5,TrustedShop,ShowRoom,12833,5,2020-07-02
616,ras,5,TrustedShop,ShowRoom,12855,5,2020-07-02
617,bon produit,5,TrustedShop,ShowRoom,12857,5,2020-07-02
618,nickel,5,TrustedShop,ShowRoom,12863,5,2020-07-02
619,very good,5,TrustedShop,ShowRoom,12921,5,2020-07-01
620,ras,5,TrustedShop,ShowRoom,13020,5,2020-06-30
621,ras,4,TrustedShop,ShowRoom,13036,4,2020-06-30
622,ras,4,TrustedShop,ShowRoom,13078,4,2020-06-29
623,bon produit,4,TrustedShop,ShowRoom,13109,4,2020-06-29
624,ras,5,TrustedShop,ShowRoom,13137,5,2020-06-29
625,rien,3,TrustedShop,ShowRoom,13142,3,2020-06-29
626,ravis,5,TrustedShop,ShowRoom,13169,5,2020-06-29
627,ras,5,TrustedShop,ShowRoom,13202,5,2020-06-29
628,ras,5,TrustedShop,ShowRoom,13205,5,2020-06-29
629,ras,4,TrustedShop,ShowRoom,13217,4,2020-06-29
630,ras,4,TrustedShop,ShowRoom,13232,4,2020-06-29
631,ras,5,TrustedShop,ShowRoom,13259,5,2020-06-28
632,short chic,5,TrustedShop,ShowRoom,13313,5,2020-06-28
633,ras,5,TrustedShop,ShowRoom,13351,5,2020-06-28
634,ras,5,TrustedShop,ShowRoom,13386,5,2020-06-28
635,it was very on time,5,TrustedShop,ShowRoom,13388,5,2020-06-28
636,ravie,5,TrustedShop,ShowRoom,13390,5,2020-06-28
637,ras,5,TrustedShop,ShowRoom,13408,5,2020-06-28
638,je suis contente,5,TrustedShop,ShowRoom,13436,5,2020-06-28
639,super,4,TrustedShop,ShowRoom,13438,4,2020-06-28
640,merci,3,TrustedShop,ShowRoom,13479,3,2020-06-27
641,ras,5,TrustedShop,ShowRoom,13500,5,2020-06-27
642,bon produit,5,TrustedShop,ShowRoom,13507,5,2020-06-27
643,nickel,5,TrustedShop,ShowRoom,13541,5,2020-06-27
644,super,5,TrustedShop,ShowRoom,13548,5,2020-06-27
645,conforme .,5,TrustedShop,ShowRoom,13551,5,2020-06-27
646,excellent produit,4,TrustedShop,ShowRoom,13552,4,2020-06-27
647,merci,5,TrustedShop,ShowRoom,13587,5,2020-06-27
648,top,5,TrustedShop,ShowRoom,13592,5,2020-06-27
649,top,4,TrustedShop,ShowRoom,13612,4,2020-06-26
650,super,5,TrustedShop,ShowRoom,13632,5,2020-06-26
651,trop beau,5,TrustedShop,ShowRoom,13649,5,2020-06-26
652,nickel,5,TrustedShop,ShowRoom,13658,5,2020-06-26
653,ras,5,TrustedShop,ShowRoom,13696,5,2020-06-26
654,bon article,5,TrustedShop,ShowRoom,13707,5,2020-06-26
655,ras,4,TrustedShop,ShowRoom,13752,4,2020-06-26
656,ras,5,TrustedShop,ShowRoom,13776,5,2020-06-26
657,top,5,TrustedShop,ShowRoom,13848,5,2020-06-25
658,ras,5,TrustedShop,ShowRoom,13862,5,2020-06-25
659,super,5,TrustedShop,ShowRoom,13867,5,2020-06-25
660,ras,3,TrustedShop,ShowRoom,13874,3,2020-06-25
661,correct,4,TrustedShop,ShowRoom,13911,4,2020-06-25
662,rapide,4,TrustedShop,ShowRoom,13913,4,2020-06-25
663,top,5,TrustedShop,ShowRoom,13916,5,2020-06-25
664,conforme a mes attentes,5,TrustedShop,ShowRoom,13956,5,2020-06-25
665,tb xx,5,TrustedShop,ShowRoom,13995,5,2020-06-24
666,super,5,TrustedShop,ShowRoom,14016,5,2020-06-24
667,bon produits,5,TrustedShop,ShowRoom,14017,5,2020-06-24
668,very good,5,TrustedShop,ShowRoom,14050,5,2020-06-24
669,top,5,TrustedShop,ShowRoom,14066,5,2020-06-24
670,ras,3,TrustedShop,ShowRoom,14077,3,2020-06-24
671,ras,5,TrustedShop,ShowRoom,14112,5,2020-06-23
672,ras,4,TrustedShop,ShowRoom,14130,4,2020-06-23
673,top,5,TrustedShop,ShowRoom,14147,5,2020-06-23
674,oui,5,TrustedShop,ShowRoom,14189,5,2020-06-22
675,ravie,5,TrustedShop,ShowRoom,14238,5,2020-06-22
676,ras,5,TrustedShop,ShowRoom,14257,5,2020-06-22
677,correct,5,TrustedShop,ShowRoom,14270,5,2020-06-22
678,ras,4,TrustedShop,ShowRoom,14300,4,2020-06-22
679,ras,5,TrustedShop,ShowRoom,14311,5,2020-06-22
680,ras,5,TrustedShop,ShowRoom,14315,5,2020-06-22
681,r.a.s,5,TrustedShop,ShowRoom,14316,5,2020-06-22
682,ras,5,TrustedShop,ShowRoom,14320,5,2020-06-22
683,ras,5,TrustedShop,ShowRoom,14373,5,2020-06-21
684,ras,4,TrustedShop,ShowRoom,14385,4,2020-06-21
685,nickel,5,TrustedShop,ShowRoom,14392,5,2020-06-21
686,super,5,TrustedShop,ShowRoom,14419,5,2020-06-21
687,superbe bracelet,5,TrustedShop,ShowRoom,14422,5,2020-06-21
688,nul,2,TrustedShop,ShowRoom,14437,2,2020-06-21
689,bon article,5,TrustedShop,ShowRoom,14440,5,2020-06-21
690,top !,5,TrustedShop,ShowRoom,14495,5,2020-06-21
691,super,4,TrustedShop,ShowRoom,14498,4,2020-06-21
692,top,5,TrustedShop,ShowRoom,14538,5,2020-06-21
693,lalalala,5,TrustedShop,ShowRoom,14547,5,2020-06-21
694,super,4,TrustedShop,ShowRoom,14559,4,2020-06-20
695,bon : ),5,TrustedShop,ShowRoom,14562,5,2020-06-20
696,conforme a mes attentes,5,TrustedShop,ShowRoom,14581,5,2020-06-20
697,merci,5,TrustedShop,ShowRoom,14601,5,2020-06-20
698,super,5,TrustedShop,ShowRoom,14607,5,2020-06-20
699,ras,4,TrustedShop,ShowRoom,14611,4,2020-06-20
700,super,4,TrustedShop,ShowRoom,14621,4,2020-06-20
701,ras,5,TrustedShop,ShowRoom,14626,5,2020-06-20
702,ras,5,TrustedShop,ShowRoom,14638,5,2020-06-20
703,ras,5,TrustedShop,ShowRoom,14691,5,2020-06-20
704,nickel,5,TrustedShop,ShowRoom,14696,5,2020-06-20
705,rien,4,TrustedShop,ShowRoom,14698,4,2020-06-20
706,top,5,TrustedShop,ShowRoom,14718,5,2020-06-19
707,top !,5,TrustedShop,ShowRoom,14771,5,2020-06-19
708,je suis content,4,TrustedShop,ShowRoom,14775,4,2020-06-19
709,ras,5,TrustedShop,ShowRoom,14778,5,2020-06-19
710,nickel,5,TrustedShop,ShowRoom,14782,5,2020-06-19
711,tout nickel !,5,TrustedShop,ShowRoom,14806,5,2020-06-19
712,ras,5,TrustedShop,ShowRoom,14816,5,2020-06-19
713,superbes articles,5,TrustedShop,ShowRoom,14830,5,2020-06-19
714,ras,5,TrustedShop,ShowRoom,14898,5,2020-06-18
715,ras,4,TrustedShop,ShowRoom,14907,4,2020-06-18
716,trop petit,2,TrustedShop,ShowRoom,14910,2,2020-06-18
717,ras,5,TrustedShop,ShowRoom,14913,5,2020-06-18
718,ras,5,TrustedShop,ShowRoom,14936,5,2020-06-18
719,nul,2,TrustedShop,ShowRoom,15013,2,2020-06-18
720,top,4,TrustedShop,ShowRoom,15051,4,2020-06-17
721,"the product was perfect , just the delivery date was too long and the delivery guy did n't follow my instructions as what also the delivery service stated . he was said to deliver my package at my doorstep but insisted to let me get it just in front of the building . that 's why i paid for delivery fee , it was expensive and i was expecting it . i was disappointed . but happy with my new luggage .",3,TrustedShop,ShowRoom,15064,3,2020-06-17
722,super,5,TrustedShop,ShowRoom,15066,5,2020-06-17
723,ras,4,TrustedShop,ShowRoom,15103,4,2020-06-17
724,cgukk,5,TrustedShop,ShowRoom,15112,5,2020-06-17
725,ras,5,TrustedShop,ShowRoom,15116,5,2020-06-17
726,ras,5,TrustedShop,ShowRoom,15142,5,2020-06-17
727,le top !,5,TrustedShop,ShowRoom,15196,5,2020-06-17
728,super,3,TrustedShop,ShowRoom,15199,3,2020-06-17
729,bon,4,TrustedShop,ShowRoom,15204,4,2020-06-16
730,super,5,TrustedShop,ShowRoom,15213,5,2020-06-16
731,ras,5,TrustedShop,ShowRoom,15221,5,2020-06-16
732,super,5,TrustedShop,ShowRoom,15252,5,2020-06-16
733,top,4,TrustedShop,ShowRoom,15288,4,2020-06-16
734,nickel,5,TrustedShop,ShowRoom,15340,5,2020-06-15
735,satisfaction,5,TrustedShop,ShowRoom,15350,5,2020-06-15
736,bon produit,4,TrustedShop,ShowRoom,15351,4,2020-06-15
737,bon article,3,TrustedShop,ShowRoom,15392,3,2020-06-15
738,ras,5,TrustedShop,ShowRoom,15419,5,2020-06-15
739,ras,4,TrustedShop,ShowRoom,15448,4,2020-06-15
740,top,4,TrustedShop,ShowRoom,15450,4,2020-06-15
741,super produit !,5,TrustedShop,ShowRoom,15484,5,2020-06-15
742,super,5,TrustedShop,ShowRoom,15492,5,2020-06-15
743,satisfaction,4,TrustedShop,ShowRoom,15513,4,2020-06-15
744,ras,5,TrustedShop,ShowRoom,15551,5,2020-06-15
745,super,5,TrustedShop,ShowRoom,15569,5,2020-06-14
746,ras,5,TrustedShop,ShowRoom,15573,5,2020-06-14
747,ras,3,TrustedShop,ShowRoom,15593,3,2020-06-14
748,conforme,4,TrustedShop,ShowRoom,15599,4,2020-06-14
749,"tres bon achat , livraison rapide . nickel",5,TrustedShop,ShowRoom,15626,5,2020-06-14
750,top,5,TrustedShop,ShowRoom,15640,5,2020-06-14
751,ras,4,TrustedShop,ShowRoom,15669,4,2020-06-14
752,ras,4,TrustedShop,ShowRoom,15695,4,2020-06-14
753,ra merci,5,TrustedShop,ShowRoom,15703,5,2020-06-14
754,super,4,TrustedShop,ShowRoom,15720,4,2020-06-14
755,.ras,5,TrustedShop,ShowRoom,15822,5,2020-06-13
756,ravie,5,TrustedShop,ShowRoom,15854,5,2020-06-13
757,le top !,5,TrustedShop,ShowRoom,15882,5,2020-06-13
758,ras,5,TrustedShop,ShowRoom,15894,5,2020-06-13
759,ras,4,TrustedShop,ShowRoom,15906,4,2020-06-13
760,ras,5,TrustedShop,ShowRoom,15921,5,2020-06-13
761,r a s,5,TrustedShop,ShowRoom,15969,5,2020-06-13
762,okk,4,TrustedShop,ShowRoom,16026,4,2020-06-12
763,nulle,1,TrustedShop,ShowRoom,16028,1,2020-06-12
764,bon produit,3,TrustedShop,ShowRoom,16036,3,2020-06-12
765,bon produit,5,TrustedShop,ShowRoom,16055,5,2020-06-12
766,ras,4,TrustedShop,ShowRoom,16094,4,2020-06-12
767,top,5,TrustedShop,ShowRoom,16120,5,2020-06-12
768,ras,5,TrustedShop,ShowRoom,16126,5,2020-06-12
769,top,4,TrustedShop,ShowRoom,16169,4,2020-06-12
770,trop beau,5,TrustedShop,ShowRoom,16176,5,2020-06-12
771,top ...,5,TrustedShop,ShowRoom,16181,5,2020-06-12
772,xsd,2,TrustedShop,ShowRoom,16202,2,2020-06-12
773,ravie,5,TrustedShop,ShowRoom,16233,5,2020-06-12
774,super,5,TrustedShop,ShowRoom,16318,5,2020-06-11
775,super,4,TrustedShop,ShowRoom,16321,4,2020-06-11
776,merci,5,TrustedShop,ShowRoom,16330,5,2020-06-11
777,ras,5,TrustedShop,ShowRoom,16347,5,2020-06-11
778,bon service rien a redire,4,TrustedShop,ShowRoom,16411,4,2020-06-11
779,ras,4,TrustedShop,ShowRoom,16424,4,2020-06-11
780,ras,5,TrustedShop,ShowRoom,16425,5,2020-06-11
781,ras,5,TrustedShop,ShowRoom,16449,5,2020-06-11
782,merci,5,TrustedShop,ShowRoom,16466,5,2020-06-11
783,ras,5,TrustedShop,ShowRoom,16525,5,2020-06-11
784,super produit !,5,TrustedShop,ShowRoom,16546,5,2020-06-10
785,merci,5,TrustedShop,ShowRoom,16548,5,2020-06-10
786,ras,5,TrustedShop,ShowRoom,16570,5,2020-06-10
787,ravie,5,TrustedShop,ShowRoom,16572,5,2020-06-10
788,qualite mediocre,4,TrustedShop,ShowRoom,16590,4,2020-06-10
789,super,5,TrustedShop,ShowRoom,16619,5,2020-06-10
790,joli produit,5,TrustedShop,ShowRoom,16650,5,2020-06-10
791,merci,5,TrustedShop,ShowRoom,16653,5,2020-06-10
792,super,4,TrustedShop,ShowRoom,16721,4,2020-06-09
793,ras,5,TrustedShop,ShowRoom,16775,5,2020-06-09
794,super,5,TrustedShop,ShowRoom,16817,5,2020-06-09
795,trop beau,4,TrustedShop,ShowRoom,16819,4,2020-06-09
796,xwxsqdsqsdqsdq,1,TrustPilot,VeePee,17726,1,2020-05-25 00:00:00+00:00
